title,address,opening_hrs,website,phone,plus_code
B & B Store,"33 George St N, Brampton, ON L6X 1R3",opening hr not provided,website not available,(905) 488-9678,"M6PP+CX Brampton, Ontario"
Rabba Fine Foods,"100 Peel Centre Dr, Brampton, ON L6T 4G8",Open now: Open 24 hours,rabba.com,(905) 494-1700,"P76G+VX Brampton, Ontario"
Singh Farm,"60 Cottrelle Blvd, Brampton, ON L6S 0E1",opening hr not provided,singhfarm.ca,(905) 497-7887,"Q76M+67 Brampton, Ontario"
apniroots,"100 Pertosa Dr, Brampton, ON L6X 0H9",Open now: Open 24 hours,apniroots.com,(647) 808-7061,"M5JW+62 Brampton, Ontario"
Fresh Food Centre,"12570 Kennedy Rd, Caledon, ON L7C 2H1",opening hr not provided,website not available,(905) 843-2224,"Q549+7X Caledon, Ontario"
Metro,"25 Peel Centre Dr, Brampton, ON L6T 3R5",opening hr not provided,metro.ca,(905) 793-4828,"P78H+2M Brampton, Ontario"
Ample Food Market,"235 Fletchers Creek Blvd, Brampton, ON L6X 0Y7",opening hr not provided,amplefood.ca,(905) 455-3575,"M5RX+HM Brampton, Ontario"
Bestway Food Market Pakistani & Indian Grocery Store,"20 Red Maple Dr, Brampton, ON L6X 4N7",opening hr not provided,bestwayfoodmarket.ca,(905) 796-7232,"M6R5+W6 Brampton, Ontario"
Indian Punjabi Bazaar Inc,"499 Ray Lawson Blvd #4, Brampton, ON L6Y 4E6",opening hr not provided,indianpunjabi.ca,(905) 451-5756,"M728+65 Brampton, Ontario"
FreshCo Bramalea City Centre,"12 Team Canada Dr, Brampton, ON L6T 0C9",opening hr not provided,freshco.com,(905) 793-4867,"P79H+7F Brampton, Ontario"
Apna Farm Halal Meat & Grocery,"50 Sky Harbour Drive Units 5-7, Brampton, ON L6Y 6B8",opening hr not provided,apnafarm.ca,(905) 791-0908,"J6JC+4C Brampton, Ontario"
Subzi Mandi Cash & Carry,"515 Ray Lawson Blvd, Brampton, ON L6Y 3T5",opening hr not provided,subzimandi.ca,(905) 450-3400,"J7X7+RF Brampton, Ontario"
Foodland - Brampton,"456 Vodden St E, Brampton, ON L6S 5Y7",opening hr not provided,ontario.foodland.ca,(905) 453-3100,"P773+C3 Brampton, Ontario"
FreshCo Bovaird & Conestoga,"380 Bovaird Dr E, Brampton, ON L6Z 2S6",opening hr not provided,freshco.com,(905) 840-0770,"P679+JJ Brampton, Ontario"
Sobeys North Park,"930 N Park Dr, Brampton, ON L6S 3Y5",opening hr not provided,sobeys.com,(905) 791-8022,"P7M4+W8 Brampton, Ontario"
Cartly,cartly.ca,opening hr not provided,cartly.ca,(905) 789-8486,plus code available
Best Grocery Depot,"2 Philosophers Trail, Brampton, ON L6S 4C9",opening hr not provided,website not available,(905) 791-5425,"P7X6+RJ Brampton, Ontario"
FreshCo Chinguacousy & Sandalwood,"10651 Chinguacousy Rd, Brampton, ON L7A 0N5",opening hr not provided,freshco.com,(905) 495-4951,"M5XH+PH Brampton, Ontario"
Chalo FreshCo Cottrelle Blvd,"3998 Cottrelle Blvd, Brampton, ON L6P 2R1",opening hr not provided,website not available,(905) 794-2263,"Q8PR+64 Brampton, Ontario"
Leela Supermarket,"263 Queen St E, Brampton, ON L6W 3J3",opening hr not provided,leelasupermarket.com,(905) 453-3522,"P724+2X Brampton, Ontario"
Rabba Fine Foods,"17 Kings Cross Rd, Brampton, ON L6T 3V5",Open now: Open 24 hours,rabba.com,(905) 790-1685,"P7CM+3H Brampton, Ontario"
Rabba,"6720 Meadowvale Town Centre Cir, Mississauga, ON L5N 4B7",Open now: Open 24 hours,rabba.com,(905) 826-4710,"H6MQ+56 Mississauga, Ontario"
Fateh Grocery Depot,"31 Steeplebush Ave, Brampton, ON L6R 2K4",opening hr not provided,website not available,(905) 458-1300,"Q764+8G Brampton, Ontario"
Chalo FreshCo Bramalea & Sandalwood,"10615 Bramalea Rd, Brampton, ON L6R 3P4",opening hr not provided,chalofreshco.com,(905) 793-0558,"Q65R+48 Brampton, Ontario"
Rabba Fine Foods,"25 Kingsbridge Garden Cir, Mississauga, ON L5R 3K7",Open now: Open 24 hours,rabba.com,(905) 568-4700,"J83X+JQ Mississauga, Ontario"
Panchvati Supermarket,"8814 The Gore Rd, Brampton, ON L6P 0B1",opening hr not provided,panchvatisupermarket.ca,(905) 794-5372,"Q88R+MC Brampton, Ontario"
Rabba Fine Foods,"2325 Hurontario St, Mississauga, ON L5A 4C7",Open now: Open 24 hours,rabba.com,(905) 896-0240,"H9FR+WP Mississauga, Ontario"
Food Basics,"1 Bartley Bull Pkwy, Brampton, ON L6W 3P9",opening hr not provided,foodbasics.ca,(905) 456-1212,"M798+33 Brampton, Ontario"
R K Supermarket,"1965 Britannia Rd W, Mississauga, ON L5M 4Y4",opening hr not provided,website not available,(905) 821-8960,"H7QH+P3 Mississauga, Ontario"
Indian Foodland,"45 Dusk Dr, Brampton, ON L6Y 5Z6",opening hr not provided,website not available,(905) 456-9900,"M64J+4V Brampton, Ontario"
Fortinos,"60 Quarry Edge Dr, Brampton, ON L6V 4K2",opening hr not provided,fortinos.ca,(905) 453-3600,"P659+22 Brampton, Ontario"
Food Basics,"7070 St Barbara Blvd, Mississauga, ON L5W 0E6",opening hr not provided,foodbasics.ca,(905) 795-8136,"J7QM+CG Mississauga, Ontario"
Sobeys Mayfield,"11965 Hurontario St, Brampton, ON L6Z 4P7",opening hr not provided,sobeys.com,(905) 846-5658,"P5MG+MQ Brampton, Ontario"
Prince Of Wales Country Market,"2548 Embleton Rd, Brampton, ON L6X 0E1",opening hr not provided,website not available,(905) 455-8136,"J5PP+M4 Brampton, Ontario"
Indian Food Mart,"10635 Creditview Rd, Brampton, ON L7A 0T4",opening hr not provided,website not available,(905) 840-4092,"M5Q7+VQ Brampton, Ontario"
Subzi Mandi Cash & Carry,"1098 Peter Robertson Blvd, Brampton, ON L6R 1G6",opening hr not provided,subzimandi.ca,(905) 230-2163,"Q757+64 Brampton, Ontario"
Kerala Grocery,"27 Ruth Ave, Brampton, ON L6Z 4R2",opening hr not provided,keralagrocery.ca,(647) 869-6278,"P6F7+65 Brampton, Ontario"
Subzi Mandi Cash & Carry,"8897 The Gore Rd, Brampton, ON L6P 2L1",opening hr not provided,subzimandi.ca,(905) 794-6112,"Q8CR+F5 Brampton, Ontario"
Food Basics,"227 Vodden St E, Brampton, ON L6V 1N2",opening hr not provided,foodbasics.ca,(905) 451-7842,"P62V+V8 Brampton, Ontario"
Om India Food Centre,"1729 Albion Rd, Etobicoke, ON M9V 4J9",opening hr not provided,website not available,(416) 743-1100,"P9VW+7M Etobicoke, Toronto, ON"
Food Basics,"10886 Hurontario St, Brampton, ON L7A 3R9",opening hr not provided,foodbasics.ca,(905) 840-6669,"P5FP+9J Brampton, Ontario"
The Apple Factory Farm Market,"10024 Mississauga Rd, Brampton, ON L7A 0B8",opening hr not provided,applefactory.com,(905) 846-3715,"M589+RM Brampton, Ontario"
India Bazaar,"10405 Kennedy Rd N, Brampton, ON L6Z 4N7",opening hr not provided,indiabazaar.ca,(905) 840-1116,"P6F7+M4 Brampton, Ontario"
EuroMax Foods The Good Food Store,"190 Bovaird Dr W # 59, Brampton, ON L7A 1A2",opening hr not provided,euromaxfoods.com,(905) 451-0221,"P635+9R Brampton, Ontario"
Foodland - Caledon,"15771 Airport Rd #4A, Caledon East, ON L7C 1K2",opening hr not provided,ontario.foodland.ca,(905) 584-9677,"V48Q+GM Caledon East, Caledon, ON"
Metro,"156 Main St S, Brampton, ON L6W 3N8",opening hr not provided,metro.ca,(905) 459-6212,"M7H2+CP Brampton, Ontario"
Seafood City Supermarket,"800 Boyer Blvd, Mississauga, ON L5V 2Y1",opening hr not provided,seafoodcity.com,(289) 334-3380,"J872+22 Mississauga, Ontario"
Jas Supermarket,"9025 Torbram Rd, Brampton, ON L6S 3L2",opening hr not provided,jassupermarket.com,(905) 497-9025,"P7MV+X4 Brampton, Ontario"
FreshCo Dixie & Dundas,"3100 Dixie Rd, Mississauga, ON L4Y 2A6",opening hr not provided,website not available,(905) 279-8840,"JC57+Q9 Mississauga, Ontario"
Metro,"180 Sandalwood Pkwy E, Brampton, ON L6Z 1Y4",opening hr not provided,metro.ca,(905) 846-2222,"P6H3+7C Brampton, Ontario"
PAT Supermarket,"333 Dundas St E, Mississauga, ON L5A 1X1",opening hr not provided,patmart.ca,(905) 276-0787,"H9PR+W8 Mississauga, Ontario"
Sobeys Brampton,"8975 Chinguacousy Rd, Brampton, ON L6Y 0J2",opening hr not provided,sobeys.com,(905) 796-1517,"M68C+Q8 Brampton, Ontario"
Grant's Foodmart,"3415 Dixie Rd, Mississauga, ON L4Y 2B1",opening hr not provided,grantsfoodmart.com,(905) 206-0209,"JC94+44 Mississauga, Ontario"
Dundas Fruits & Vegetables,"38 Dundas St W, Mississauga, ON L5B 1H4",opening hr not provided,m.facebook.com,(905) 897-1944,"H9HM+HG Mississauga, Ontario"
Starsky Fine Foods,"2040 Dundas St E, Mississauga, ON L4X 2X8",opening hr not provided,starskycanada.com,(905) 279-8889,"JCCJ+VQ Mississauga, Ontario"
Burnhamthorpe Fruit Market,"3647 Dixie Rd, Mississauga, ON L4Y 2B3",opening hr not provided,burnhamthorpefruitmarket.com,(905) 625-1692,"J9CX+WF Mississauga, Ontario"
Loblaws,"380 The East Mall, Etobicoke, ON M9B 6L5",opening hr not provided,loblaws.ca,(416) 695-8990,"JCVQ+HV Etobicoke, Toronto, ON"
Fortinos,"55 Mountainash Rd, Brampton, ON L6R 1W4",opening hr not provided,fortinos.ca,(905) 793-8200,"Q769+2M Brampton, Ontario"
Metro,"6677 Meadowvale Town Centre Cir, Mississauga, ON L5N 2W7",opening hr not provided,metro.ca,(905) 826-2717,"H6MR+83 Mississauga, Ontario"
"EASY GROCERS- Indian supermarket | Indian, Pakistani Online Grocery & Indian Food Store Brampton","38 Dean St, Brampton, ON L6W 1M6",opening hr not provided,website not available,(437) 213-8520,"M7P6+GG Brampton, Ontario"
The Apple Market,"2281 Camilla Rd, Mississauga, ON L5A 2K2",opening hr not provided,theapplemarket.ca,(905) 848-4840,"H9HW+3R Mississauga, Ontario"
IC Food World,"3445 Fieldgate Dr, Mississauga, ON L4X 2J4",opening hr not provided,icfoodworld.com,(416) 528-5042,"JCF6+R6 Mississauga, Ontario"
India Town Supermarket,"60 Dundas St E, Mississauga, ON L5A 1W4",opening hr not provided,indiatownmississauga.ca,(905) 273-4600,"H9JP+FF Mississauga, Ontario"
Best Price Grocers,"02 Philosophers Trail, Brampton, ON L6S 4C9",opening hr not provided,website not available,(905) 791-5425,"P7X6+QJ Brampton, Ontario"
Kabul Farm Supermarket,"253 Queen St E Unit # 5 & 6, Brampton, ON L6W 2B8",opening hr not provided,business.site,(905) 488-6795,"M7X4+M9 Brampton, Ontario"
EuroMax Foods The Good Food Store,"2550 Hurontario St #4, Mississauga, ON L5B 1N5",opening hr not provided,euromaxfoods.com,(905) 949-8214,"H9HM+CM Mississauga, Ontario"
BOMBAY GROCERS,"1201 Britannia Rd W, Mississauga, ON L5V 1N2",opening hr not provided,bombaygrocers.ca,(905) 813-7091,"J73V+F7 Mississauga, Ontario"
Best Price Grocers,"10725 McLaughlin Rd, Brampton, ON L7A 3L7",opening hr not provided,website not available,(905) 846-3100,"P56M+2J Brampton, Ontario"
Nicey's Food Mart,"107 Kennedy Rd S, Brampton, ON L6W 3G3",opening hr not provided,niceysfoodmart.com,(905) 450-6045,"M7P7+F2 Brampton, Ontario"
Longo's Mount Pleasant,"65 Dufay Rd, Brampton, ON L7A 0B5",opening hr not provided,longos.com,(905) 843-1820,"M5H4+MJ Brampton, Ontario"
Jas Foods,"1650 Williams Pkwy, Brampton, ON L6S 5R7",opening hr not provided,website not available,(647) 302-8716,"P7VH+XX Brampton, Ontario"
FreshCo Glen Erin & Britannia,"6040 Glen Erin Dr, Mississauga, ON L5N 3M4",opening hr not provided,website not available,(905) 826-0582,"H7F6+M4 Mississauga, Ontario"
Asian Food Centre,"10510 Torbram Rd, Brampton, ON L6R 0A3",opening hr not provided,asianfoodcentre.com,+1 800-708-9232,"Q772+VJ Brampton, Ontario"
Longo's Brampton,"7700 Hurontario St, Brampton, ON L6Y 4M3",opening hr not provided,longos.com,(905) 455-3135,"M75F+5G Brampton, Ontario"
Panchvati Supermarket (PATEL BROTHERS),"169 Dundas St E, Mississauga, ON L5A 1W8",opening hr not provided,panchvatisupermarket.ca,(905) 232-3955,"H9MP+RR Mississauga, Ontario"
Iqbal Halal Foods,"4099 Erin Mills Pkwy, Mississauga, ON L5L 3P9",opening hr not provided,iqbalfoods.ca,(905) 820-3300,"H826+9X Mississauga, Ontario"
Cousins Market,"1215 Hurontario St, Mississauga, ON L5G 3H2",opening hr not provided,cousinsmarket.com,(905) 278-7575,"HC57+W5 Mississauga, Ontario"
African Royal Foods,"332 Main St N, Brampton, ON L6V 1P8",opening hr not provided,facebook.com,(905) 454-0304,"M6VJ+C4 Brampton, Ontario"
Loblaws,"5970 McLaughlin Rd, Mississauga, ON L5R 3X9",opening hr not provided,loblaws.ca,(905) 568-8551,"J876+VH Mississauga, Ontario"
Asian Food Centre,"80 Pertosa Dr, Brampton, ON L6X 5E9",opening hr not provided,asianfoodcentre.com,(905) 460-0009,"M5JV+CV Brampton, Ontario"
Farm Boy,"SHOPPES OF ALDERWOOD, 841 Brown's Line, Etobicoke, ON M8W 3V7",opening hr not provided,farmboy.ca,(416) 253-9379,"JF63+33 Etobicoke, Toronto, ON"
Gem West Indian Grocery,"1785 Queen St E, Brampton, ON L6T 4S3",opening hr not provided,website not available,(905) 458-4400,"P7GP+C2 Brampton, Ontario"
subhan halal meat,"7048 Airport Rd, Mississauga, ON L4T 2G8",opening hr not provided,business.site,(905) 293-9763,"P934+P9 Mississauga, Ontario"
Food Basics,"377 Burnhamthorpe Rd E, Mississauga, ON L5A 3Y1",opening hr not provided,foodbasics.ca,(905) 270-2143,"J93F+67 Mississauga, Ontario"
Sukoshi Mart,"100 City Centre Dr Unit 2 - 948, Mississauga, ON L5B 2C9",opening hr not provided,sukoshimart.com,(416) 200-9987,"H9V5+C8 Mississauga, Ontario"
Town & Country Market @ Duke of York,"3885 Duke of York Blvd, Mississauga, ON L5B 3Z9",Open now: Open 24 hours,website not available,(905) 275-8696,"H9Q5+3R Mississauga, Ontario"
Naomi African Food Market,"1370 Dundas St E Unit 12, Mississauga, ON L4Y 2A5",opening hr not provided,naomiafricanfood.com,(647) 849-3669,"JC58+CJ Mississauga, Ontario"
Rabba Fine Foods,"3089 Lake Shore Blvd W, Etobicoke, ON M8V 3W8",Open now: Open 24 hours,rabba.com,(416) 259-5202,"HFXQ+H5 Etobicoke, Toronto, ON"
BIG BAZAAR,"5602 Tenth Line W, Mississauga, ON L5M 7L9",opening hr not provided,bigbazaar.com,(905) 286-4627,"H754+C9 Mississauga, Ontario"
Al Ramzan Grocers,"3450 Ridgeway Dr, Mississauga, ON L5L 5Y6",opening hr not provided,alramzan.ca,(905) 569-9111,"G7FV+C4 Mississauga, Ontario"
Seasons Foodmart,"50 Kennedy Rd S, Brampton, ON L6W 3R7",opening hr not provided,seasonsfoodmart.com,(905) 459-3999,"M7Q6+VM Brampton, Ontario"
Fresh Pick,"305 Charolais Blvd, Brampton, ON L6Y 2R2",opening hr not provided,website not available,(905) 452-8780,"M65X+CV Brampton, Ontario"
Peter's valu-mart,"1125 Bloor St, Mississauga, ON L4Y 2N6",opening hr not provided,valumart.ca,(905) 279-1353,"J96X+FP Mississauga, Ontario"
Asian Food Centre,"621 Wanless Dr, Brampton, ON L7A 3S9",opening hr not provided,asianfoodcentre.com,(905) 495-3336,"P56F+W5 Brampton, Ontario"
Ravi's West Indian Grocery,"791 Bovaird Dr W, Brampton, ON L6X 0G3",opening hr not provided,globiness.ca,(905) 796-6446,"M5QW+74 Brampton, Ontario"
Kabul Farms Supermarket,"255 Dundas St W, Mississauga, ON L5B 3B2",opening hr not provided,kabulfarmssupermarket.com,(905) 306-1888,"H9GG+3V Mississauga, Ontario"
